﻿<?xml version="1.0" encoding="utf-8"?>
<?xml-stylesheet type="text/xsl" href="Updates.xslt"?>
<updates xmlns:xsi="http://www.w3.org/2001/XMLSchema-instance" xsi:noNamespaceSchemaLocation="Updates.xsd">
  <application>
    <title>Microsoft XML Notepad</title>
    <location>https://lovettsoftwarestorage.blob.core.windows.net/downloads/XmlNotepad/Updates.xml</location>
    <download>https://lovettsoftwarestorage.blob.core.windows.net/downloads/XmlNotepad/readme.htm</download>
    <installer>https://microsoft.github.io/XmlNotepad/install/</installer>
    <history>https://github.com/microsoft/XmlNotepad/blob/master/src/Updates/Updates.xml</history>
    <frequency>1.00:00:00</frequency>
  </application>
  <version number="2.9.0.8">
    <feature>
      Add ability to load .json files.
    </feature>
	<feature>Add #367 preserve Options Dialog box relative location and size</feature>
    <bug>Bug 370: Error Message after SEARCHING and drag &amp; drop of a new file</bug>
    <bug>Bug 371: Unhandled exception loading XML file with the http://www.crossref.org/schema/deposit/crossref4.4.2.xsd schemas.</bug>
  </version>
  <version number="2.9.0.7">
    <feature>
      Move to .NET Framework version 4.8.
    </feature>
    <feature>
      Add some bootstrapping help creating an empty document by providing intellisense from
      loaded schemas to show possible root elements and when an element is selected from the
      list set the namespace correctly on the new element so intellisense continues from there.
    </feature>
    <feature>
      Add new File/Open XmlDiff Styles menu item so you can edit the CSS styles for the XmlDiff output window.
      Delete the file to reset back to the original styles.
      The files lives in %LOCALAPPDATA%\Microsoft\Xml Notepad\XmlDiffStyles.css.
    </feature>
    <feature>
      Add a Copy XPath command that gives you the XPath location of the selected element.
    </feature>
    <bug>Fix Schema dialog row copy so it gives you a valid xsi:schemaLocation value.</bug>
    <bug>Fix new bug in WebView2 initialization.</bug>
  </version>
  <version number="2.9.0.6">
    <feature>
      Add new Xml Diff option to "hide identical" elements in the output so that the HTML diff
      scales much better on very large documents, thanks to Mark Roberts for the XmlDiff feature
      behind this.
    </feature>
    <feature>Issue 186 "Options" dialog now remembers its position.</feature>
    <bug>Bug 331: "ReplaceAll" with unallowed characters gets stuck.</bug>
  </version>
  <version number="2.9.0.5">
    <feature>
      Add SchemaAwareText for XML elements that contain a child id, name, title or xsd:key.  New options allow you
      to configure the color (SchemaAwareTextColor) and whether to show it, and what default element names should
      be promoted where the defaults are "id, name, key, title". Thanks to Tomasz Wilczyński!.</feature>
    <feature>New fluient icon design by https://github.com/Lixkote.</feature>
    <bug>Bug 285: Resx files were updated to fix build functionality in german VS (thanks to Oleg Missal!).</bug>
    <bug>Bug 82: Paste very slow.</bug>
  </version>
  <version number="2.9.0.4">
    <feature>Add F12 goto definition support on XSD IDREF attributes to their matching ID attributes</feature>
    <bug>Bug 284: View stastistics was broken if your Program Files folder was read/write.</bug>
  </version>
  <version number="2.9.0.3">
    <bug>Fix bug with XmlNotepad.template.settings file setup</bug>
  </version>
  <version number="2.9.0.2">
    <feature>Update to SgmlReader version 1.8.30</feature>
    <feature>Allow HTTP URL's in the XML Notepad address bar (for .xml, .csv and .html content)</feature>
    <bug>Fix issue #280: Do not run scripts from Temp folder</bug>
  </version>
  <version number="2.9.0.1">
    <bug>Fix issue #266: try catch around SendMeasurement (thanks to Anders.Chen)</bug>
    <bug>Fix issue #255: Replace dialogue - (re)size issues</bug>
    <bug>Fix issue #254: XMLStats and employee.xml</bug>
  </version>
  <version number="2.9.0.0">
    <feature>Add Ctrl+G to goto node at the given line/column.</feature>
    <bug>Fix Strange behaviour of "find" command and add unit test (bug 232)</bug>
    <bug>Rename CDATA nodes to just '#cdata".</bug>
    <bug>Change resizer to flat 3D style.</bug>
    <bug>Switching to WindowsInput library for unit testing</bug>
  </version>
  <version number="2.8.0.66">
    <feature>Add line/col info of selected node to the status bar, github issue#246. </feature>
  </version>
  <version number="2.8.0.65">
    <feature>Update to SgmlReader version 1.8.28</feature>
    <feature>Update to Microsoft.Web.WebView2 version 1.0.1462.37</feature>
  </version>
  <version number="2.8.0.64">
    <feature>Update to SgmlReader version 1.8.26</feature>
  </version>
  <version number="2.8.0.63">
    <bug>Fix loading XmlSchemas containing a DTD (github issue #221).</bug>
    <bug>Shorten title bar text (github issue #219).</bug>
    <bug>Add -s option on XmlStats (github issue #194).</bug>
    <bug>Fix link to Updates.xml (github issue #222).</bug>
  </version>
  <version number="2.8.0.62">
    <bug>Fix formatting of XSD annotations that contain multiple xsd:documentation nodes (github issue #216).</bug>
    <bug>Stop auto-removing previous output of XSLT transform (github issue #199).</bug>
  </version>
  <version number="2.8.0.61">
    <feature>Provide convient download help for installing WebView2 component.</feature>
  </version>
  <version number="2.8.0.60">
    <feature>TreeView indent level is now configurable in the Options dialog under Formatting section.</feature>
    <bug>Fix bug 203: Find backwards was broken.</bug>
    <bug>Fix bug 201: Save Changes dialog now mentions it is coming from XML Notepad.</bug>
  </version>
  <version number="2.8.0.59">
    <bug>Try and fix some memory leaks and add new GC.Collect menu item on the Edit menu.</bug>
  </version>
  <version number="2.8.0.58">
    <bug>Fix bug 173: Error in reload when file saved using rdcman.</bug>
  </version>
  <version number="2.8.0.57">
    <bug>Fix bug 182: Error when changing from roaming to local (1st time use).</bug>
  </version>
  <version number="2.8.0.56">
    <feature>Add support for a XmlNotepad.template.settings file that can provide default settings in an enterprise wide deployment of XmlNotepad.</feature>
  </version>
  <version number="2.8.0.55">
    <feature>Add "Settings Location" option to the Options dialog.</feature>
    <feature>
      Add 'DisableUpdateUI' setting that if True hides the 'Check for updates...' menu item
      and the update related Options in the Options Dialog.
    </feature>
    <bug>Github issue 178, 'update available' check was broken.</bug>
    <bug>Fix standalone installer so install location is shown in the appwiz.cpl control panel.</bug>
    <bug>Fix lots of bugs in the find/replace logic to do with multiple matching words in a single node value</bug>
  </version>
  <version number="2.8.0.54">
    <bug>Fix regression with null reference exception in the Font field of the Options dialog.</bug>
    <bug>Refactor some settings extensions methods</bug>
    <feature>Add documentation on Dynamic Help tab.</feature>
  </version>
  <version number="2.8.0.53">
    <bug>Fix bugs in find/replace when matching nodes are consecutive.</bug>
    <bug>Fix github issue #175 - preservation of most recent file after closing another xmlnotepad instance</bug>
    <bug>Fix github issue #173 - Reload and unload of modified files</bug>
    <feature>Github issue #174 - Add saved MRU list for Find/Replace dialog search strings.</feature>
  </version>
  <version number="2.8.0.52">
    <bug>Improve handling of on changes made to the loaded XML file outside of XML notepad.</bug>
    <feature>Add theming to the default stylesheet.</feature>
  </version>
  <version number="2.8.0.50">
    <feature>Update icon on the XSLT output tab.</feature>
    <feature>Connect color theming to the default XSLT stylesheet.</feature>
  </version>
  <version number="2.8.0.49">
    <feature>Add option to disable default XSLT stylesheet.</feature>
  </version>
  <version number="2.8.0.48">
    <bug>Fix single line text editor so it does not overlap the line below it.</bug>
    <bug>Fix XSLT Output browse button so it brings up the Save As File Dialog.</bug>
    <bug>Fix XSLT Output field so it honors a custom file extension entered by the user.</bug>
    <feature>Add recent files drop down to XSLT input filename box.</feature>
  </version>
  <version number="2.8.0.47">
    <bug>Fix updater so it shows error messages if update check fails rather than misleading "up to date".</bug>
  </version>
  <version number="2.8.0.46">
    <bug>Fix dynamic help bug introduced in the version 2.8.0.45.</bug>
  </version>
  <version number="2.8.0.45">
    <feature>
      Add support for &lt;?xsl-output default="path"?&gt; as a way to provide a default output
      filename to use the XSLT stylesheet.  You put this in the XML document along side the
      &lt;?xml-stylesheet ...?&gt; instruction.  The path can include a folder and the file
      extension will be overridden by the &lt;xsl:output method="..."&gt; information from the
      stylesheet, so can specify "*" as the file extension, for example: &lt;?xsl-output default="hamlet.*"?&gt;
    </feature>
  </version>
  <version number="2.8.0.44">
    <bug>
      XSLT output files were being deleted too agressively.  They are only deleted now if they
      have to be written to the %TEMP% folder.  Also show generated output file name in the xslt output
      text box and only if the user changes this name will the previous generated file be deleted.
    </bug>
  </version>
  <version number="2.8.0.43">
    <feature>Make use of WebView2 a user specified option under new XSLT options section of Options dialog.</feature>
    <bug>Add better error handling if WebView2 doesn't work.</bug>
    <bug>Update the version on some dependent packages.</bug>
  </version>
  <version number="2.8.0.42">
    <bug>Fix bug in permissions for running HTML in the XSLT output tab.</bug>
  </version>
  <version number="2.8.0.41">
    <bug>Fix bug in XSLT output, github issue #115.</bug>
  </version>
  <version number="2.8.0.40">
    <bug>Fix handling of files in recent files list that no longer exist.</bug>
    <bug>Fix handling of files that are renamed to .bak by another editor.</bug>
    <bug>Fix bugs in Find/Replace clicking Replace repeatedly was broken.  Added unit tests to cover this case.</bug>
    <bug>Remove Help/Index since it went to the same place as Help/Content.</bug>
  </version>
  <version number="2.8.0.39">
    <bug>
      Fix bug in XSL transform of documents fetched from http location.
      Add unit test for this case.
    </bug>
  </version>
  <version number="2.8.0.38">
    <bug>
      Fix bug in rendering large documents using default stylesheet.
    </bug>
    <bug>
      Fix layout bug of toolbar on high DPI screens.
    </bug>
  </version>
  <version number="2.8.0.36">
    <bug>
      Fix bug in support for non webview2 case.
    </bug>
    <bug>
      Automatically register XML notepad with Open With dialog.
    </bug>
  </version>
  <version number="2.8.0.35">
    <bug>
      Added support for Chromium based WebView2 control for XSLT output.
      You can download this from https://developer.microsoft.com/en-us/microsoft-edge/webview2/.
    </bug>
  </version>
  <version number="2.8.0.33">
    <bug>
      Ctrl+A short cut for SaveAs interferes with text editing, so removed Ctrl+A shortcut from SaveAs.
    </bug>
    <bug>
      One more fix to "openFileDialog1" default file name on schema dialog.
    </bug>
    <bug>
      Fix tooltip in options dialog Default Text Editor option.
    </bug>
  </version>
  <version number="2.8.0.32">
    <feature>
      Add user settable default text editor option for View Source.
    </feature>
    <bug>
      Fix Schema dialog so it doesn't set filename to "openFileDialog1".
    </bug>
    <bug>
      Fix View/Source on http files (uses temp file).
    </bug>
  </version>
  <version number="2.8.0.31">
    <bug>
      Fix memory usage bug to do with loading huge XML files.
    </bug>
    <bug>
      Report XSLT transform times in the status bar.
    </bug>
  </version>
  <version number="2.8.0.30">
    <feature>
      Enable [github issue #86](https://github.com/microsoft/XmlNotepad/issues/86) - allow an XmlNotepad.settings
      file to be found in the same folder as XmlNotepad.exe and use this instead of the one in %LOCALAPPDATA%.
    </feature>
    <feature>
      See [github issue #86](https://github.com/microsoft/XmlNotepad/issues/86) - add a browse button to help
      set XSLT output file name.
    </feature>
  </version>
  <version number="2.8.0.29">
    <bug>
      Fix [github issue #87](https://github.com/microsoft/XmlNotepad/issues/87) - bug in finding text in attribute values
      and add unit tests to cover this.  Also fixed problem with stepping through multiple matches using F3 in one big paragraph.
    </bug>
  </version>
  <version number="2.8.0.28">
    <feature>Thanks to Austin Wise for adding High DPI scaling which makes the fonts a lot less blurry on high DPI screens.</feature>
  </version>
  <version number="2.8.0.27">
    <feature>Minor fixes to XML stats output got github issues #76 and #77.</feature>
  </version>
  <version number="2.8.0.26">
    <feature>Provide a way to disable google analytics before installing XML Notepad.</feature>
  </version>
  <version number="2.8.0.24">
    <feature>Check XML diff files are different files.</feature>
  </version>
  <version number="2.8.0.23">
    <feature>Add ability to import HTML files and convert them to XML using SgmlReader.</feature>
  </version>
  <version number="2.8.0.19">
    <feature>Add optional google analytics so we can get an idea of usage.</feature>
  </version>
  <version number="2.8.0.18">
    <bug>Fix Dark Theme options editing and add new color for text editor background.</bug>
    <bug>Fix performance bug to do with expanding too many nodes on save and on find.</bug>
  </version>
  <version number="2.8.0.14">
    <feature>Fix bug in current file address combobox.  Start implementing stylecop code cleanups.</feature>
  </version>
  <version number="2.8.0.13">
    <feature>Sync offline help so it matches the online help, fix some typos and add more info to options dialog help text.</feature>
  </version>
  <version number="2.8.0.12">
    <feature>Add auto-completion in location combobox and increased history to 1000 filenames.</feature>
  </version>
  <version number="2.8.0.11">
    <feature>Add support for "Dark" theme colors and a way to easily switch between light and dark theme.</feature>
    <feature>Add transparent icons that look good on dark backgrounds</feature>
  </version>
  <version number="2.8.0.10">
    <bug>Fix F1 help.</bug>
  </version>
  <version number="2.8.0.9">
    <bug>Fix locked file bug after doing xml comparison (github issue# 44).</bug>
    <bug>Fix BOM option so it is honored on XSLT output files also (github issue# 46).</bug>
  </version>
  <version number="2.8.0.7">
    <bug>Fix problem with TLS 1.2 by upgrading to .NET Framework 4.7.2</bug>
  </version>
  <version number="2.8.0.0">
    <feature>Merge fixes from shadolight and add options that control how XmlDiff behaves.</feature>
  </version>
  <version number="2.7.1.21">
    <feature>Merge change by Vincent Lepape which adds a new MaximumValueLength setting.</feature>
  </version>
  <version number="2.7.1.18">
    <bug>Fix some layout bugs that happen when system font size is increased beyond 100%.</bug>
  </version>
  <version number="2.7.1.17">
    <feature>Add output file field to XSL Output tab which fixes problems with relative links in the XSLT output.</feature>
  </version>
  <version number="2.7.1.16">
    <bug>Thanks to Steve Romanow for fixing some old codeplex URL references.</bug>
  </version>
  <version number="2.7.1.12">
    <feature>Add XML stats under View menu.</feature>
  </version>
  <version number="2.7.1.8">
    <feature>Add line numbers on the XML diff output.</feature>
    <bug>Fix navigation of differences</bug>
  </version>
  <version number="2.7.1.6">
    <feature>Add ability to import *.csv files.</feature>
  </version>
  <version number="2.7.1">
    <feature>Add new option to allow you to save XML files without the UTF-8 byte order mark.</feature>
    <feature>Add SHA 256 digital signature for stronger security.</feature>
    <bug>Fix regression in loading xml from http.</bug>
    <bug>Fix regression in copy &amp; paste noedes.</bug>
  </version>
  <version number="2.7">
    <feature>Control over handling of long lines.  Added new options "Maximum Line Length" and "Autoformat Long Lines".</feature>
  </version>
  <version number="2.6">
    <feature>Upgrade to .NET 4.0</feature>
    <feature>Add support for picking different languages for Dynamic Help from xsd:documentation.</feature>
    <feature>Add ability to select default File Associations for the app</feature>
    <bug>Find dialog should not always be "top most" window on the desktop</bug>
    <bug>Make text in ErrorList window "word wrap" so you can read long error messages</bug>
    <bug>Fix NormalizeText bug in XmlDiff reported by GalacticCowboy</bug>
    <bug>Fix bug in how schemaLocation attribute is resolved so that validation results are more predictable</bug>
    <bug>Add inner exception detail to error reporting, sometimes this provides more information about the error.</bug>
    <bug>Fix XML compare for files containing greek characters as reported by Birbilis.</bug>
    <bug>Fix synchronization of vertical position across tree view and text view.</bug>
  </version>
  <version number="2.5">
    <feature>Add Proxy Authentication support</feature>
    <feature>Add formatting options</feature>
    <feature>Switch to out-of-process unit testing using IAccessibility only</feature>
    <bug>Unhandled exception on invalid syntax for xml declaration</bug>
    <bug>Unable to reset splitter if accidently moved off screen</bug>
    <bug>XSLT transform is not reloaded when it is changed on disk</bug>
    <bug>Using a stylesheet containing a DTD doesn't work</bug>
    <bug>Find by XPath should show all namespaces prefixes in scope</bug>
  </version>
  <version number="2.4">
    <bug>Fixed location of updates.xml page so auto-updater works properly</bug>
    <bug>Fixed problems in incremental search (CTRL+I) giving up too soon</bug>
    <bug>Fixed layout to remove margins around the TabControls and prettied up the XSLT output tab</bug>
    <bug>Fixed Find (CTRL+F), Copy (CTRL+C) and View Source commands in XSLT output window</bug>
    <bug>Fixed options dialog resize bug</bug>
    <bug>Fix null reference exception on Window/New Window when window is empty</bug>
    <bug>Turn off reload loading of previously opened file</bug>
  </version>
  <version number="2.3">
    <feature>Added "change to" menu for changing node types</feature>
    <feature>Added support for XInclude</feature>
    <feature>Added DynamicHelp tab and Tooltips based on xsd:annotations</feature>
    <feature>Added [next|prev] links to XmlDiff output window for navigating changes</feature>
    <feature>
      Added support for loading XML documents containing illegal characters, reporting
      these errors in the error list
    </feature>
    <feature>Added "Export Errors" option for saving contents of the error list to a file</feature>
    <feature>Added "Goto Definition" option for navigating to XIncludes and XSD schemas</feature>
    <feature>
      Added keyboard accelerators for inserting a child element (Ctrl+Insert) and
      a child attribute (Alt+Insert)
    </feature>
    <feature>Added simple auto-updater to help user know when a new version is available</feature>
    <feature>Added navigation combo box for easy entry of http file locations</feature>
    <feature>Improved unit test coverage to 87%</feature>
    <bug>Fixed bug in task list when different sort order is in effect</bug>
    <bug>Fixed bug in scroll bar not recalculating properly</bug>
    <bug>Fixed focus issues with intellisense window</bug>
    <bug>Clear undo stack when new file is loaded</bug>
    <bug>Fixed a few null reference exceptions</bug>
    <bug>Fixed bug in restoring window size when window is closed in minimized or maximized state</bug>
    <bug>Fixed xsi:type attribute validation (properly this time!)</bug>
    <bug>Fixed performance of changing namespace values on a large document</bug>
    <bug>
      Made it so that Escape key closes intellisense drop down window without cancelling the edit
      which allows you to edit a value that is not in the list - which is important for simpleType unions
    </bug>
    <bug>Fixed insert of processing instruction named 'xml'</bug>
    <bug>Fixed schema cache when targetNamespace is changed</bug>
    <bug>Fix performance and layout of find dialog</bug>
    <bug>Track edits to xml-stylesheet processing instruction so XSLT output tab stays in sync</bug>
  </version>
  <version number="2.2">
    <bug>Fixed Compare Files...</bug>
    <bug>Fixed file open and save as filters so the dialogs work properly when you select a different file type</bug>
  </version>
  <version number="2.1">
    <feature>Added keyboard accelerators for find again (F3) and reverse find (SHIFT+F3)</feature>
    <feature>
      Added support for loading IXmlBuilder and IXmlEditor implementations
      from different assemblies using new vs:assembly attribute
    </feature>
    <feature>Made source code localizable by moving all error messages and dialog strings to .resx files</feature>
    <feature>Added a default XSL transform</feature>
    <feature>New icons, a play on the Vista "Notepad" icons</feature>
    <bug>Fixed install on Windows Vista machines</bug>
    <bug>Performance of expand node when validating</bug>
    <bug>Fixed bug where changed schemas and transforms were not being re-loaded</bug>
    <bug>Fixed spurious warnings about file being changed on disk</bug>
    <bug>Fixed handling of very long text nodes</bug>
    <bug>Fixed round trip of DTD content in &lt;!DOCTYPE&gt; tags</bug>
    <bug>Fixed validation of elements with xsi:type attributes</bug>
    <bug>Scroll bar not updating when node expanded/collapsed in some cases</bug>
    <bug>Tree view needs horizontal scrollbar</bug>
    <bug>
      When Microsoft XML Notepad is minimized and file changes on disk, the file reload prompt is
      confusing -- Microsoft XML Notepad should be restored first
    </bug>
    <bug>XSL output window should pick up new xsl-transform based on input document</bug>
    <bug>Fixed unhandled exception when closing a group of XML notepad windows</bug>
    <bug>Added registration of "Edit" action for .xml file extension</bug>
  </version>
</updates>